<?xml version='1.0' encoding='UTF-8' ?>
<timeLogEntries>
  <time id="1" path="/Proyecto/PSP Fundamentals &amp; Advanced/Program 1/Planning" start="@1486237012744" delta="30" interrupt="2" />
  <time id="2" path="/Proyecto/PSP Fundamentals &amp; Advanced/Program 1/Design" start="@1486238949181" delta="131" interrupt="4" />
  <time id="3" path="/Proyecto/PSP Fundamentals &amp; Advanced/Program 1/Code" start="@1486247062630" delta="252" interrupt="32" />
  <time id="4" path="/Proyecto/PSP Fundamentals &amp; Advanced/Program 1/Compile" start="@1486264139950" delta="3" />
  <time id="5" path="/Proyecto/PSP Fundamentals &amp; Advanced/Program 1/Test" start="@1486264325340" delta="73" />
  <time id="6" path="/Proyecto/PSP Fundamentals &amp; Advanced/Program 1/Postmortem" start="@1486268714235" delta="3" />
  <time id="7" path="/Proyecto/PSP Fundamentals &amp; Advanced/Program 2/Planning" start="@1487458274932" delta="75" interrupt="6" />
  <time id="8" path="/Proyecto/PSP Fundamentals &amp; Advanced/Program 2/Planning" start="@1487464038503" delta="30" />
  <time id="9" path="/Proyecto/PSP Fundamentals &amp; Advanced/Program 2/Design" start="@1487465817361" delta="34" />
  <time id="10" path="/Proyecto/PSP Fundamentals &amp; Advanced/Program 2/Design" start="@1487468576006" delta="15" />
  <time id="11" path="/Proyecto/PSP Fundamentals &amp; Advanced/Program 2/Design" start="@1487477198312" delta="165" />
  <time id="12" path="/Proyecto/PSP Fundamentals &amp; Advanced/Program 2/Code" start="@1487487119820" delta="206" />
  <time id="13" path="/Proyecto/PSP Fundamentals &amp; Advanced/Program 2/Code" start="@1487523819418" delta="106" />
  <time id="14" path="/Proyecto/PSP Fundamentals &amp; Advanced/Program 2/Code" start="@1487534161800" delta="58" />
  <time id="15" path="/Proyecto/PSP Fundamentals &amp; Advanced/Program 2/Code" start="@1487539437320" delta="62" />
  <time id="16" path="/Proyecto/PSP Fundamentals &amp; Advanced/Program 2/Compile" start="@1487543185872" delta="2" />
  <time id="17" path="/Proyecto/PSP Fundamentals &amp; Advanced/Program 2/Test" start="@1487543280903" delta="35" interrupt="22" />
  <time id="18" path="/Proyecto/PSP Fundamentals &amp; Advanced/Program 2/Test" start="@1487546839458" delta="79" interrupt="9" />
  <time id="19" path="/Proyecto/PSP Fundamentals &amp; Advanced/Program 2/Test" start="@1487553050609" delta="35" interrupt="7" />
  <time id="20" path="/Proyecto/PSP Fundamentals &amp; Advanced/Program 2/Test" start="@1487556278195" delta="30" interrupt="2" />
  <time id="21" path="/Proyecto/PSP Fundamentals &amp; Advanced/Program 2/Test" start="@1487558746467" delta="6" />
  <time id="22" path="/Proyecto/PSP Fundamentals &amp; Advanced/Program 2/Test" start="@1487559468538" delta="2" />
  <time id="23" path="/Proyecto/PSP Fundamentals &amp; Advanced/Program 2/Test" start="@1487560052094" delta="12" />
  <time id="24" path="/Proyecto/PSP Fundamentals &amp; Advanced/Program 2/Test" start="@1487561563137" delta="23" />
  <time id="25" path="/Proyecto/PSP Fundamentals &amp; Advanced/Program 2/Postmortem" start="@1487562930639" delta="3" />
  <time id="26" path="/Proyecto/PSP Fundamentals &amp; Advanced/Program 2/Postmortem" start="@1487563453741" delta="47" interrupt="2" />
  <time id="27" path="/Proyecto/PSP Fundamentals &amp; Advanced/Program 3/Planning" start="@1488691129418" delta="31" interrupt="1" />
  <time id="28" path="/Proyecto/PSP Fundamentals &amp; Advanced/Program 3/Planning" start="@1488723068397" delta="9" />
  <time id="29" path="/Proyecto/PSP Fundamentals &amp; Advanced/Program 3/Planning" start="@1488724192877" delta="33" />
  <time id="30" path="/Proyecto/PSP Fundamentals &amp; Advanced/Program 3/Planning" start="@1488727232925" delta="12" interrupt="4" />
  <time id="31" path="/Proyecto/PSP Fundamentals &amp; Advanced/Program 3/Planning" start="@1488731247141" delta="3" />
  <time id="32" path="/Proyecto/PSP Fundamentals &amp; Advanced/Program 3/Planning" start="@1488740147146" delta="21" />
  <time id="33" path="/Proyecto/PSP Fundamentals &amp; Advanced/Program 3/Planning" start="@1488741826938" delta="58" interrupt="2" />
  <time id="34" path="/Proyecto/PSP Fundamentals &amp; Advanced/Program 3/Design" start="@1488745480357" delta="48" />
  <time id="35" path="/Proyecto/PSP Fundamentals &amp; Advanced/Program 3/Design Review" start="@1488748368179" delta="46" />
  <time id="36" path="/Proyecto/PSP Fundamentals &amp; Advanced/Program 3/Code" start="@1488751152000" delta="326" interrupt="23" />
  <time id="37" path="/Proyecto/PSP Fundamentals &amp; Advanced/Program 3/Code Review" start="@1488772163345" delta="43" />
  <time id="38" path="/Proyecto/PSP Fundamentals &amp; Advanced/Program 3/Test" start="@1488774773000" delta="110" />
  <time id="39" path="/Proyecto/PSP Fundamentals &amp; Advanced/Program 3/Postmortem" start="@1488781106960" delta="1" />
  <time id="40" path="/Proyecto/PSP Fundamentals &amp; Advanced/Program 3/Postmortem" start="@1488781175085" delta="9" />
  <time id="41" path="/Proyecto/PSP Fundamentals &amp; Advanced/Program 3/Postmortem" start="@1488781737711" delta="6" />
  <time id="42" path="/Proyecto/PSP Fundamentals &amp; Advanced/Program 3/Planning" start="@1488782111459" delta="1" />
  <time id="43" path="/Proyecto/PSP Fundamentals &amp; Advanced/Program 3/Postmortem" start="@1488782160542" delta="12" />
  <time id="44" path="/Proyecto/PSP Fundamentals &amp; Advanced/Program 4/Planning" start="@1489854406625" delta="21" />
  <time id="45" path="/Proyecto/PSP Fundamentals &amp; Advanced/Program 4/Planning" start="@1489858714859" delta="36" />
  <time id="46" path="/Proyecto/PSP Fundamentals &amp; Advanced/Program 4/Planning" start="@1489876522358" delta="14" />
  <time id="47" path="/Proyecto/PSP Fundamentals &amp; Advanced/Program 4/Planning" start="@1489877839689" delta="79" interrupt="4" />
  <time id="48" path="/Proyecto/PSP Fundamentals &amp; Advanced/Program 4/Design" start="@1489882811552" delta="54" interrupt="7" />
  <time id="49" path="/Proyecto/PSP Fundamentals &amp; Advanced/Program 4/Design" start="@1489887614160" delta="8" />
  <time id="50" path="/Proyecto/PSP Fundamentals &amp; Advanced/Program 4/Design" start="@1489888417766" delta="2" />
  <time id="51" path="/Proyecto/PSP Fundamentals &amp; Advanced/Program 4/Design Review" start="@1489888552267" delta="20" />
  <time id="52" path="/Proyecto/PSP Fundamentals &amp; Advanced/Program 4/Code" start="@1489889781447" delta="283" interrupt="2" />
  <time id="53" path="/Proyecto/PSP Fundamentals &amp; Advanced/Program 4/Code Review" start="@1489906889573" delta="28" />
  <time id="54" path="/Proyecto/PSP Fundamentals &amp; Advanced/Program 4/Test" start="@1489908600297" delta="42" />
  <time id="55" path="/Proyecto/PSP Fundamentals &amp; Advanced/Program 4/Postmortem" start="@1489911116430" delta="37" />
  <time id="56" path="/Proyecto/PSP Fundamentals &amp; Advanced/Program 5/Planning" start="@1490668622810" delta="72" />
  <time id="57" path="/Proyecto/PSP Fundamentals &amp; Advanced/Program 5/Planning" start="@1490673877026" delta="16" />
  <time id="58" path="/Proyecto/PSP Fundamentals &amp; Advanced/Program 5/Planning" start="@1490761941070" delta="37" />
  <time id="59" path="/Proyecto/PSP Fundamentals &amp; Advanced/Program 5/Planning" start="@1490934683733" delta="62" />
  <time id="60" path="/Proyecto/PSP Fundamentals &amp; Advanced/Program 5/Planning" start="@1491011349450" delta="17" />
  <time id="61" path="/Proyecto/PSP Fundamentals &amp; Advanced/Program 5/Planning" start="@1491014410875" delta="6" />
  <time id="62" path="/Proyecto/PSP Fundamentals &amp; Advanced/Program 5/Design" start="@1491014798011" delta="151" interrupt="1" />
</timeLogEntries>
