<?xml version='1.0' encoding='UTF-8' ?>
<timeLogEntries>
  <time id="63" path="/Proyecto/PSP Fundamentals &amp; Advanced/Program 5/Design" start="@1491057709074" delta="54" flag="A" />
  <time id="64" path="/Proyecto/PSP Fundamentals &amp; Advanced/Program 5/Design Review" start="@1491060934901" delta="60" interrupt="11" flag="A" />
  <time id="65" path="/Proyecto/PSP Fundamentals &amp; Advanced/Program 5/Code" start="@1491065210162" delta="106" flag="A" />
  <time id="66" path="/Proyecto/PSP Fundamentals &amp; Advanced/Program 5/Code" start="@1491074712649" delta="60" flag="A" />
  <time id="67" path="/Proyecto/PSP Fundamentals &amp; Advanced/Program 5/Code" start="@1491080152594" delta="9" flag="A" />
  <time id="68" path="/Proyecto/PSP Fundamentals &amp; Advanced/Program 5/Code" start="@1491081166077" delta="57" interrupt="23" flag="A" />
  <time id="69" path="/Proyecto/PSP Fundamentals &amp; Advanced/Program 5/Code Review" start="@1491085962031" delta="50" flag="A" />
  <time id="70" path="/Proyecto/PSP Fundamentals &amp; Advanced/Program 5/Compile" start="@1491088968565" delta="2" flag="A" />
  <time id="71" path="/Proyecto/PSP Fundamentals &amp; Advanced/Program 5/Test" start="@1491089086410" delta="22" interrupt="4" flag="A" />
  <time id="72" path="/Proyecto/PSP Fundamentals &amp; Advanced/Program 5/Test" start="@1491091042762" delta="25" flag="A" />
  <time id="73" path="/Proyecto/PSP Fundamentals &amp; Advanced/Program 5/Test" start="@1491093187261" delta="38" interrupt="4" flag="A" />
  <time id="74" path="/Proyecto/PSP Fundamentals &amp; Advanced/Program 5/Test" start="@1491096884337" delta="24" interrupt="130" flag="A" />
  <time id="75" path="/Proyecto/PSP Fundamentals &amp; Advanced/Program 5/Postmortem" start="@1491106187305" delta="43" interrupt="2" flag="A" />
</timeLogEntries>
